{"cameraMode":{"drawMode":0,"name":"Shaded","section":"Shading Mode"},"sceneLighting":true,"audioPlay":false,"sceneViewState":{"m_AlwaysRefresh":false,"showFog":true,"showSkybox":true,"showFlares":true,"showImageEffects":true,"showParticleSystems":true,"showVisualEffectGraphs":true,"m_FxEnabled":true},"in2DMode":false,"pivot":{"x":-8.783026695251465,"y":1.1532247066497803,"z":1.8658674955368043},"rotation":{"x":-0.0023384082596749069,"y":-0.6577183604240418,"z":-0.0018840605625882745,"w":0.7533735632896423},"size":5.3397111892700199,"orthographic":false}