{"cameraMode":{"drawMode":0,"name":"Shaded","section":"Shading Mode"},"sceneLighting":true,"audioPlay":false,"sceneViewState":{"m_AlwaysRefresh":false,"showFog":true,"showSkybox":true,"showFlares":true,"showImageEffects":true,"showParticleSystems":true,"showVisualEffectGraphs":true,"m_FxEnabled":true},"in2DMode":false,"pivot":{"x":0.4427172541618347,"y":1.4039757251739503,"z":3.622335433959961},"rotation":{"x":-0.2143205851316452,"y":-0.011815016157925129,"z":-0.002643055049702525,"w":0.976743757724762},"size":0.6738511919975281,"orthographic":false}