{"cameraMode":{"drawMode":0,"name":"Shaded","section":"Shading Mode"},"sceneLighting":true,"audioPlay":false,"sceneViewState":{"m_AlwaysRefresh":false,"showFog":true,"showSkybox":true,"showFlares":true,"showImageEffects":true,"showParticleSystems":true,"showVisualEffectGraphs":true,"m_FxEnabled":true},"in2DMode":false,"pivot":{"x":0.12127842009067536,"y":3.020794630050659,"z":-0.8263171911239624},"rotation":{"x":-0.46615922451019289,"y":-0.33778804540634158,"z":0.19854144752025605,"w":-0.7932437062263489},"size":0.24352924525737763,"orthographic":false}